{"cameraMode":{"drawMode":0,"name":"Shaded","section":"Shading Mode"},"sceneLighting":false,"audioPlay":false,"sceneViewState":{"m_AlwaysRefresh":false,"showFog":true,"showSkybox":true,"showFlares":true,"showImageEffects":true,"showParticleSystems":true,"showVisualEffectGraphs":true,"m_FxEnabled":true},"in2DMode":false,"pivot":{"x":730.3773193359375,"y":8.45041275024414,"z":618.6971435546875},"rotation":{"x":-0.000022514053853228688,"y":0.9971591830253601,"z":-0.0000015640865740351729,"w":0.07572470605373383},"size":13.641531944274903,"orthographic":false}